{
  "loss": [
    13.937656008270645,
    13.860704360392763,
    13.85011052387083,
    13.843583564532816,
    13.8386491114023,
    13.835802953185443,
    13.831553026716103,
    13.830124325803709,
    13.827459045581243,
    13.826221399694111,
    13.824491930933213,
    13.823477547062485,
    13.82154681104832,
    13.792626354253452,
    13.790736663594494,
    13.79028743673933,
    13.789907352836156,
    13.789417709659983,
    13.789180350948223,
    13.789114509462822,
    13.789108423259222,
    13.788700641498435,
    13.788940221660381,
    13.78887603893052,
    13.788507535751524,
    13.788536308125957,
    13.788286761111426,
    13.788324387114516,
    13.788467143663032,
    13.78818384240198,
    13.788074282931632,
    13.78762496933108,
    13.788208188832723,
    13.788073176265874,
    13.788024482884595,
    13.788117996158016,
    13.784558511056005,
    13.784346528889776,
    13.784251329571616,
    13.784280110830167,
    13.784185464542272,
    13.78426018534988,
    13.784107422377433,
    13.784128455061095,
    13.784179929651522,
    13.784225315690067,
    13.784156683086099,
    13.784176608716004,
    13.784158343556358,
    13.784192659896924,
    13.784257417919783,
    13.78419432036285,
    13.78412181316446,
    13.784177715694598,
    13.784028272780228,
    13.784018309861663,
    13.784112957297298,
    13.78393639225821,
    13.78381683596321,
    13.783748754831834,
    13.78364248117413,
    13.783625322329652,
    13.783587683499203,
    13.783652997874704,
    13.78361535911983,
    13.783644141706333,
    13.783651337343567,
    13.783650783833144,
    13.78358214836841,
    13.783633071487868,
    13.783573292154516,
    13.783623108283647,
    13.783647462770139,
    13.783638606598211,
    13.78362366179518,
    13.783628643397991,
    13.783749308338322,
    13.783657425956756,
    13.78369506459676,
    13.783634178510114,
    13.78371388387822,
    13.78368510143735,
    13.783639713620014
  ],
  "val_loss": [
    13.954397863274592,
    13.874408331275562,
    13.81535537687877,
    13.841988548350134,
    13.821925472932376,
    13.829232829917302,
    13.840555412305308,
    13.81628918348765,
    13.818516038202036,
    13.836800994723388,
    13.827092674213516,
    13.857365579739422,
    13.818513829746331,
    13.796701916206223,
    13.798846232516429,
    13.79625343659353,
    13.794420656909287,
    13.79619371194461,
    13.795688807126883,
    13.799055227474758,
    13.799033664649311,
    13.795339842395602,
    13.799421790352191,
    13.801534727697632,
    13.796322562021793,
    13.793964359776673,
    13.797097296128202,
    13.795196050873335,
    13.794217122598535,
    13.795094289813454,
    13.797314059052965,
    13.79492505508423,
    13.794842096125322,
    13.800690033840926,
    13.795419480132255,
    13.796664866038505,
    13.792533977854593,
    13.792615291244283,
    13.792917861347641,
    13.792510745369489,
    13.792429431363447,
    13.792624141652329,
    13.792661755823163,
    13.792684434906008,
    13.79259039944121,
    13.792520702153611,
    13.792510745369489,
    13.792365264870611,
    13.792754131366234,
    13.792833784032393,
    13.792828805754233,
    13.792616950696225,
    13.793017979061114,
    13.792413389768225,
    13.792421133988938,
    13.792756897091518,
    13.793118649178384,
    13.792970962545844,
    13.792582102163536,
    13.792495257024346,
    13.792495257024346,
    13.792537296777843,
    13.792437175575152,
    13.792511298524351,
    13.792417261879125,
    13.792385178641714,
    13.7924039860658,
    13.792425006097663,
    13.792458748713404,
    13.79253619047018,
    13.792551678769359,
    13.792579889555313,
    13.792623588501991,
    13.792671712498272,
    13.792682775462186,
    13.792706007657522,
    13.792721495766004,
    13.792729239813726,
    13.792733111835954,
    13.792735324419597,
    13.792729239813726,
    13.792733111835954,
    13.792735324419597
  ],
  "xlabel": "Epoch",
  "x": [
    0,
    1,
    2,
    3,
    4,
    5,
    6,
    7,
    8,
    9,
    10,
    11,
    12,
    13,
    14,
    15,
    16,
    17,
    18,
    19,
    20,
    21,
    22,
    23,
    24,
    25,
    26,
    27,
    28,
    29,
    30,
    31,
    32,
    33,
    34,
    35,
    36,
    37,
    38,
    39,
    40,
    41,
    42,
    43,
    44,
    45,
    46,
    47,
    48,
    49,
    50,
    51,
    52,
    53,
    54,
    55,
    56,
    57,
    58,
    59,
    60,
    61,
    62,
    63,
    64,
    65,
    66,
    67,
    68,
    69,
    70,
    71,
    72,
    73,
    74,
    75,
    76,
    77,
    78,
    79,
    80,
    81,
    82
  ],
  "lr": [
    0.0010000000474974513,
    0.0010000000474974513,
    0.0010000000474974513,
    0.0010000000474974513,
    0.0010000000474974513,
    0.0010000000474974513,
    0.0010000000474974513,
    0.0010000000474974513,
    0.0010000000474974513,
    0.0010000000474974513,
    0.0010000000474974513,
    0.0010000000474974513,
    0.0010000000474974513,
    0.00010000000474974513,
    0.00010000000474974513,
    0.00010000000474974513,
    0.00010000000474974513,
    0.00010000000474974513,
    0.00010000000474974513,
    0.00010000000474974513,
    0.00010000000474974513,
    0.00010000000474974513,
    0.00010000000474974513,
    0.00010000000474974513,
    0.00010000000474974513,
    0.00010000000474974513,
    0.00010000000474974513,
    0.00010000000474974513,
    0.00010000000474974513,
    0.00010000000474974513,
    0.00010000000474974513,
    0.00010000000474974513,
    0.00010000000474974513,
    0.00010000000474974513,
    0.00010000000474974513,
    0.00010000000474974513,
    1.0000000656873453e-05,
    1.0000000656873453e-05,
    1.0000000656873453e-05,
    1.0000000656873453e-05,
    1.0000000656873453e-05,
    1.0000000656873453e-05,
    1.0000000656873453e-05,
    1.0000000656873453e-05,
    1.0000000656873453e-05,
    1.0000000656873453e-05,
    1.0000000656873453e-05,
    1.0000000656873453e-05,
    1.0000000656873453e-05,
    1.0000000656873453e-05,
    1.0000000656873453e-05,
    1.0000000656873453e-05,
    1.0000000656873453e-05,
    1.0000000656873453e-05,
    1.0000000656873453e-05,
    1.0000000656873453e-05,
    1.0000000656873453e-05,
    1.0000000656873453e-05,
    1.0000001111620804e-06,
    1.0000001111620804e-06,
    1.0000001111620804e-06,
    1.0000001111620804e-06,
    1.0000001111620804e-06,
    1.0000001111620804e-06,
    1.0000001111620804e-06,
    1.0000001111620804e-06,
    1.0000001111620804e-06,
    1.0000001111620804e-06,
    1.000000082740371e-07,
    1.000000082740371e-07,
    1.000000082740371e-07,
    1.000000082740371e-07,
    1.000000082740371e-07,
    1.000000082740371e-07,
    1.000000082740371e-07,
    1.000000082740371e-07,
    1.000000082740371e-07,
    1.000000082740371e-07,
    1.000000082740371e-08,
    1.000000082740371e-08,
    1.000000082740371e-08,
    1.000000082740371e-08,
    1.000000082740371e-08
  ]
}