{
  "loss": [
    15.559102250509085,
    15.473913575523596,
    15.460061579059778,
    15.449249861694337,
    15.445005746669324,
    15.441917621338963,
    15.438298131411244,
    15.4342329143465,
    15.433183939288297,
    15.43202958885983,
    15.429830398863603,
    15.43012558713524,
    15.425681837644973,
    15.425777293301595,
    15.392111583503526,
    15.390469839795289,
    15.389574044066734,
    15.389196277276694,
    15.388541856166372,
    15.389177934033759,
    15.388428816974075,
    15.388604820619552,
    15.388187366444583,
    15.388461043144217,
    15.384069233516879,
    15.384023112120504,
    15.384195198776649,
    15.3841178344086,
    15.38406675387543,
    15.384080143934508,
    15.384061298662834,
    15.384265619850346,
    15.38407220908609,
    15.383979470241773,
    15.383682404618598,
    15.383458733727753,
    15.383468652683176,
    15.383459725623583,
    15.383411122652696
  ],
  "val_loss": [
    15.591031435747563,
    15.439899705946521,
    15.434453872197999,
    15.418805992912366,
    15.428706456153614,
    15.452617455643841,
    15.433896281203438,
    15.54884174117762,
    15.494533436223564,
    15.517704358556722,
    15.514103041699721,
    15.475212704578672,
    15.533446619060031,
    15.475231931855708,
    15.444975614371025,
    15.449294800697771,
    15.448413774856618,
    15.442425517365301,
    15.45780369484486,
    15.460783538899921,
    15.456938948896767,
    15.451413205397923,
    15.455263612758074,
    15.451006336215055,
    15.45363104659918,
    15.457367872882408,
    15.457231645150303,
    15.457172415327081,
    15.45756826366866,
    15.456439921087252,
    15.458752786681291,
    15.455382086807779,
    15.455923600381192,
    15.457239048862247,
    15.45679975581641,
    15.456576155797277,
    15.456365879980336,
    15.456331327342395,
    15.456071192859781
  ],
  "xlabel": "Epoch",
  "x": [
    0,
    1,
    2,
    3,
    4,
    5,
    6,
    7,
    8,
    9,
    10,
    11,
    12,
    13,
    14,
    15,
    16,
    17,
    18,
    19,
    20,
    21,
    22,
    23,
    24,
    25,
    26,
    27,
    28,
    29,
    30,
    31,
    32,
    33,
    34,
    35,
    36,
    37,
    38
  ],
  "lr": [
    0.0010000000474974513,
    0.0010000000474974513,
    0.0010000000474974513,
    0.0010000000474974513,
    0.0010000000474974513,
    0.0010000000474974513,
    0.0010000000474974513,
    0.0010000000474974513,
    0.0010000000474974513,
    0.0010000000474974513,
    0.0010000000474974513,
    0.0010000000474974513,
    0.0010000000474974513,
    0.0010000000474974513,
    0.00010000000474974513,
    0.00010000000474974513,
    0.00010000000474974513,
    0.00010000000474974513,
    0.00010000000474974513,
    0.00010000000474974513,
    0.00010000000474974513,
    0.00010000000474974513,
    0.00010000000474974513,
    0.00010000000474974513,
    1.0000000656873453e-05,
    1.0000000656873453e-05,
    1.0000000656873453e-05,
    1.0000000656873453e-05,
    1.0000000656873453e-05,
    1.0000000656873453e-05,
    1.0000000656873453e-05,
    1.0000000656873453e-05,
    1.0000000656873453e-05,
    1.0000000656873453e-05,
    1.0000001111620804e-06,
    1.0000001111620804e-06,
    1.0000001111620804e-06,
    1.0000001111620804e-06,
    1.0000001111620804e-06
  ]
}