{
  "loss": [
    15.008515039191606,
    14.94093136500235,
    14.933630023007217,
    14.925570652466117,
    14.920252590956014,
    14.91832571908598,
    14.914730067072378,
    14.914532613563681,
    14.910945256828906,
    14.909507923257289,
    14.908357547223616,
    14.906980356681638,
    14.90556618583516,
    14.905099884384423,
    14.904919195048912,
    14.904167237715923,
    14.903474625341673,
    14.90323197303818,
    14.876959663621053,
    14.875052315756216,
    14.874744060462278,
    14.874332701517393,
    14.874365528584057,
    14.874351679674144,
    14.8740080174092,
    14.873965443769894,
    14.874073672903235,
    14.873930564070974,
    14.873543291329828,
    14.873853110329422,
    14.873745905478625,
    14.873706408759869,
    14.873799251529674,
    14.873437623109044,
    14.873631518589576,
    14.873582275532389,
    14.873209869633786,
    14.873803355064137,
    14.873602280544034,
    14.87387414085543,
    14.873663321310696,
    14.873222693683385,
    14.873941848688398,
    14.873599715800456,
    14.874202931310197,
    14.873806945655865,
    14.873844903286818,
    14.873326824556708,
    14.873187299279637,
    14.873202688161182,
    14.873181143722562,
    14.87345249877776,
    14.870341108318073,
    14.870186676105535,
    14.869975291207878,
    14.870095863058937,
    14.870035320719756,
    14.869994274925869,
    14.870062000425028,
    14.869982987312687,
    14.869994787998992,
    14.87002865078596,
    14.870131777889425,
    14.869892686098773,
    14.870045069079156,
    14.870096376128554,
    14.870029163857897,
    14.87012305572428,
    14.87005173900559,
    14.869931166796754,
    14.870187702238486,
    14.869950150571075,
    14.870053278218956,
    14.870050712863256,
    14.869709003528259,
    14.869616135219802,
    14.869585863104405,
    14.869614595961183,
    14.86957047047972,
    14.869588428540304,
    14.86957047047972,
    14.869542250626415,
    14.869476062033087,
    14.86955661710388,
    14.869506847461981,
    14.869633580139666,
    14.869436040880236,
    14.869468878757173,
    14.869394993432085,
    14.869573035918275,
    14.869539685182549,
    14.86956020872108,
    14.869457590745156,
    14.869562774161404,
    14.869581758406047,
    14.869573035918275,
    14.869500690381301,
    14.869577653706557,
    14.8695119783606
  ],
  "val_loss": [
    14.921365235893454,
    14.934093390150679,
    14.91887496429256,
    14.940627532811959,
    14.919915610885253,
    14.91970544191918,
    14.907554073590719,
    14.894636256350283,
    14.899243513527479,
    14.901737065796222,
    14.949062070481524,
    14.931845388761136,
    14.927509366557834,
    14.963854664194411,
    14.897044028140858,
    14.901512816775202,
    14.90498010756257,
    14.899677227031683,
    14.88766171409992,
    14.886810486630228,
    14.884525614986966,
    14.88516580393857,
    14.885728060875751,
    14.884865446498049,
    14.884516388683913,
    14.884214480389693,
    14.884729617337696,
    14.884782924023867,
    14.886734637389843,
    14.885081232917303,
    14.88410940051451,
    14.884102736887654,
    14.884400034260125,
    14.884968470808163,
    14.884961807565894,
    14.884082233401697,
    14.886027375870174,
    14.884704501621318,
    14.885144276815108,
    14.887298884983142,
    14.884746531979948,
    14.883628586549174,
    14.884085308926391,
    14.884031487152495,
    14.884247285662187,
    14.88393153191319,
    14.88529291584246,
    14.88467272249088,
    14.88560505296875,
    14.88462915421791,
    14.884394908493666,
    14.883717266625686,
    14.88343123303745,
    14.883072401766073,
    14.88296218756745,
    14.88301755108087,
    14.883049846368593,
    14.883139555133457,
    14.88319338013283,
    14.883618334483135,
    14.883180564674445,
    14.883031904550732,
    14.88315852206021,
    14.882939119376074,
    14.883273860959237,
    14.882973465336887,
    14.883097520236673,
    14.883216960547426,
    14.883151345388065,
    14.883517863862235,
    14.883031904550732,
    14.883113411492097,
    14.883118025079204,
    14.883192867514706,
    14.883064712429864,
    14.882990894600118,
    14.883001147098366,
    14.883041644397398,
    14.882989869349904,
    14.883009349091878,
    14.883020114201505,
    14.883088805670043,
    14.88296423807162,
    14.882958599184473,
    14.882964750697617,
    14.883001147098366,
    14.882986280973602,
    14.883027803560756,
    14.88304061915068,
    14.88304215702073,
    14.883046770629925,
    14.883062661939537,
    14.88305343472957,
    14.883063687184736,
    14.883063687184736,
    14.883064712429864,
    14.883066250297423,
    14.883067275542375,
    14.883068300787254
  ],
  "xlabel": "Epoch",
  "x": [
    0,
    1,
    2,
    3,
    4,
    5,
    6,
    7,
    8,
    9,
    10,
    11,
    12,
    13,
    14,
    15,
    16,
    17,
    18,
    19,
    20,
    21,
    22,
    23,
    24,
    25,
    26,
    27,
    28,
    29,
    30,
    31,
    32,
    33,
    34,
    35,
    36,
    37,
    38,
    39,
    40,
    41,
    42,
    43,
    44,
    45,
    46,
    47,
    48,
    49,
    50,
    51,
    52,
    53,
    54,
    55,
    56,
    57,
    58,
    59,
    60,
    61,
    62,
    63,
    64,
    65,
    66,
    67,
    68,
    69,
    70,
    71,
    72,
    73,
    74,
    75,
    76,
    77,
    78,
    79,
    80,
    81,
    82,
    83,
    84,
    85,
    86,
    87,
    88,
    89,
    90,
    91,
    92,
    93,
    94,
    95,
    96,
    97,
    98
  ],