{
  "loss": [
    16.414353467494823,
    16.28742591448759,
    16.273566895188882,
    16.26552931347936,
    16.26370553335805,
    16.25848824280432,
    16.25765482263759,
    16.253933005114966,
    16.250008451019436,
    16.249230938832632,
    16.245908251375464,
    16.247013697955772,
    16.24353274251113,
    16.24344256213969,
    16.243476379837652,
    16.241997729170357,
    16.24206349159009,
    16.20606101352882,
    16.20434918832557,
    16.2039565164533,
    16.203835982171302,
    16.203391504257198,
    16.20266731815031,
    16.203147601237852,
    16.202612696819145,
    16.202600454081725,
    16.202676735602594,
    16.202936655125207,
    16.201762275446402,
    16.202085308977207,
    16.201848920640682,
    16.202012791806435,
    16.20259857058284,
    16.20242434598909,
    16.20207400762129,
    16.201863047530598,
    16.201216023334965,
    16.203738047406976,
    16.201942157886503,
    16.201491977134584,
    16.201855513190843,
    16.201835735532313,
    16.20200149039994,
    16.19678881808299,
    16.19663243083603,
    16.196514668358244,
    16.19664185179726,
    16.196575904953548,
    16.196584383848496,
    16.19653068410553,
    16.19656365765301,
    16.196365815361172,
    16.196554236646293,
    16.196339436206333,
    16.19602194086512,
    16.195969181392307,
    16.195875909760947,
    16.19596164431073,
    16.196009693145676,
    16.195985197679008,
    16.195926785262824,
    16.19591924816152,
    16.19587025691754,
    16.19585047195008,
    16.195790174757317,
    16.195767563252154,
    16.195785464029676,
    16.195795827628675,
    16.19572799304216,
    16.19589004186083,
    16.19587967832212,
    16.195756257487734,
    16.19585047195008,
    16.195824091955867,
    16.195875909760947,
    16.195852356233736,
    16.19580901765417,
    16.195910768918356,
    16.195841050528507
  ],
  "val_loss": [
    16.308035637905245,
    16.26702270951975,
    16.256960273194334,
    16.255187160384853,
    16.25526131773379,
    16.37932779910063,
    16.227500010531408,
    16.25716488678915,
    16.24771336826403,
    16.244194989275687,
    16.23458647750854,
    16.23313897634683,
    16.251558669238083,
    16.239880976499162,
    16.3011851622915,
    16.327730632199206,
    16.24287422640358,
    16.215477526911787,
    16.218931575633402,
    16.216791111833555,
    16.21546717589172,
    16.216255716499127,
    16.21834920928202,
    16.213615177950654,
    16.214555319194503,
    16.219794267320985,
    16.218049080169813,
    16.21688896776964,
    16.21956378166744,
    16.2159367291534,
    16.2134655408321,
    16.224740922972487,
    16.212876390074765,
    16.215693014828933,
    16.218719893999033,
    16.214565670796677,
    16.217188177449643,
    16.215890621318895,
    16.214480975675627,
    16.213396839050937,
    16.21402173220518,
    16.2156045616199,
    16.213904096026848,
    16.211756379919944,
    16.212030271903313,
    16.212028389499974,
    16.211963446450973,
    16.211962505245452,
    16.212020859884436,
    16.212434983545904,
    16.21198885897939,
    16.21208203790945,
    16.212001094627013,
    16.21209050869472,
    16.212036860313273,
    16.211871208050177,
    16.21194179871016,
    16.211922974564217,
    16.211892855885246,
    16.211934269054407,
    16.211901326769365,
    16.211934269054407,
    16.211871208050177,
    16.21191262127463,
    16.211908856440417,
    16.211961564039875,
    16.21201803627771,
    16.212013330265403,
    16.21204156631875,
    16.212053801926594,
    16.212083920306558,
    16.212082979108033,
    16.212123450595353,
    16.21214603928853,
    16.212147921678206,
    16.212148862872965,
    16.212144156898635,
    16.21214603928853,
    16.212146980483396
  ],
  "xlabel": "Epoch",
  "x": [
    0,
    1,
    2,
    3,
    4,
    5,
    6,
    7,
    8,
    9,
    10,
    11,
    12,
    13,
    14,
    15,
    16,
    17,
    18,
    19,
    20,
    21,
    22,
    23,
    24,
    25,
    26,
    27,
    28,
    29,
    30,
    31,
    32,
    33,
    34,
    35,
    36,
    37,
    38,
    39,
    40,
    41,
    42,
    43,
    44,
    45,
    46,
    47,
    48,
    49,
    50,
    51,
    52,
    53,
    54,
    55,
    56,
    57,
    58,
    59,
    60,
    61,
    62,
    63,
    64,
    65,
    66,
    67,
    68,
    69,
    70,
    71,
    72,
    73,
    74,
    75,
    76,
    77,
    78
  ],
  "lr": [
    0.0010000000474974513,
    0.0010000000474974513,
    0.0010000000474974513,
    0.0010000000474974513,
    0.0010000000474974513,
    0.0010000000474974513,
    0.0010000000474974513,
    0.0010000000474974513,
    0.0010000000474974513,
    0.0010000000474974513,
    0.0010000000474974513,
    0.0010000000474974513,
    0.0010000000474974513,
    0.0010000000474974513,
    0.0010000000474974513,
    0.0010000000474974513,
    0.0010000000474974513,
    0.00010000000474974513,
    0.00010000000474974513,
    0.00010000000474974513,
    0.00010000000474974513,
    0.00010000000474974513,
    0.00010000000474974513,
    0.00010000000474974513,
    0.00010000000474974513,
    0.00010000000474974513,
    0.00010000000474974513,
    0.00010000000474974513,
    0.00010000000474974513,
    0.00010000000474974513,
    0.00010000000474974513,
    0.00010000000474974513,
    0.00010000000474974513,
    0.00010000000474974513,
    0.00010000000474974513,
    0.00010000000474974513,
    0.00010000000474974513,
    0.00010000000474974513,
    0.00010000000474974513,
    0.00010000000474974513,
    0.00010000000474974513,
    0.00010000000474974513,
    0.00010000000474974513,
    1.0000000656873453e-05,
    1.0000000656873453e-05,
    1.0000000656873453e-05,
    1.0000000656873453e-05,
    1.0000000656873453e-05,
    1.0000000656873453e-05,
    1.0000000656873453e-05,
    1.0000000656873453e-05,
    1.0000000656873453e-05,
    1.0000000656873453e-05,
    1.0000000656873453e-05,
    1.0000001111620804e-06,
    1.0000001111620804e-06,
    1.0000001111620804e-06,
    1.0000001111620804e-06,
    1.0000001111620804e-06,
    1.0000001111620804e-06,
    1.0000001111620804e-06,
    1.0000001111620804e-06,
    1.0000001111620804e-06,
    1.0000001111620804e-06,
    1.000000082740371e-07,
    1.000000082740371e-07,
    1.000000082740371e-07,
    1.000000082740371e-07,
    1.000000082740371e-07,
    1.000000082740371e-07,
    1.000000082740371e-07,
    1.000000082740371e-07,
    1.000000082740371e-07,
    1.000000082740371e-07,
    1.000000082740371e-08,
    1.000000082740371e-08,
    1.000000082740371e-08,
    1.000000082740371e-08,
    1.000000082740371e-08
  ]
}