{
  "loss": [
    15.56058940879244,
    15.472620254470879,
    15.458051954863453,
    15.453610805053378,
    15.443294040150466,
    15.439281036556762,
    15.435786472620055,
    15.433954611701264,
    15.429682060916763,
    15.428613491101931,
    15.427672435666587,
    15.426495912003052,
    15.424000138532076,
    15.423362528785217,
    15.422154015333145,
    15.420081068090543,
    15.419275561383895,
    15.420518933382388,
    15.42071732926905,
    15.419357202493428,
    15.419981124213276,
    15.421758247405068,
    15.419071209317629,
    15.416120914731344,
    15.415532965687918,
    15.4146411011843,
    15.414798987727062,
    15.413226979382635,
    15.415333018311012,
    15.418400737392583,
    15.413536840061138,
    15.414331262703783,
    15.413401214907719,
    15.41775893732335,
    15.412331516307152,
    15.38923197217325,
    15.387319699802994,
    15.387312262448871,
    15.38630769078367,
    15.386919069208846,
    15.386438100385423,
    15.386826347523005,
    15.386257609236024,
    15.38687246051682,
    15.386068686286976,
    15.386633464792837,
    15.386264055384961,
    15.386047859993157,
    15.384275042363926,
    15.383455262091845,
    15.383537589246682,
    15.383433936311215,
    15.383326315060245,
    15.38342897682311,
    15.383413602399827,
    15.383296557899456,
    15.383338217908443,
    15.383374918299078,
    15.383065937951615,
    15.383009398339912,
    15.383001958901849,
    15.38310859050363,
    15.382958810090134,
    15.382960297982208,
    15.382986088088623,
    15.382880447570859,
    15.38300543064006,
    15.382917149053636,
    15.382862096796632,
    15.382914669226476,
    15.382874495970805,
    15.38280158868328,
    15.382832338737842
  ],
  "val_loss": [
    15.63531251483396,
    15.426355949664268,
    15.476419539660267,
    15.493000049606577,
    15.515129334983,
    15.451022630939251,
    15.482233016737938,
    15.426095309698637,
    15.477188552140715,
    15.47964568528596,
    15.444751349189188,
    15.472607927215629,
    15.473220826451765,
    15.555453133624324,
    15.472794807351082,
    15.426248627858804,
    15.455388010486423,
    15.419933131131105,
    15.45018515861693,
    15.519783930110131,
    15.453306684978461,
    15.453551067653866,
    15.457344674766468,
    15.4346328111377,
    15.40833817697342,
    15.428362284862537,
    15.41934136909991,
    15.413727901208714,
    15.43004845305652,
    15.420205254877091,
    15.42701964673229,
    15.487657124089472,
    15.446803204807358,
    15.411972128436235,
    15.444970180671634,
    15.417673328972379,
    15.414147138484047,
    15.406479777698246,
    15.424894429592136,
    15.418977691367058,
    15.414652979851924,
    15.412269638827432,
    15.408678834437804,
    15.406741244703566,
    15.426827761095533,
    15.416909760629165,
    15.409760173934053,
    15.426134875821333,
    15.407872236472782,
    15.407564737733894,
    15.407528094962874,
    15.408323817699761,
    15.409071472433961,
    15.408659524114293,
    15.407729133958375,
    15.409019979496282,
    15.410182984767683,
    15.409894840938696,
    15.409781958382242,
    15.409655707175027,
    15.40969383019759,
    15.40956658805304,
    15.40966907499887,
    15.40955668589656,
    15.40959233363011,
    15.409583421704454,
    15.409586392346911,
    15.409555695680561,
    15.409499253263492,
    15.409406172334624,
    15.409429442619551,
    15.409415579475315,
    15.40936557302997
  ],
  "xlabel": "Epoch",
  "x": [
    0,
    1,
    2,
    3,
    4,
    5,
    6,
    7,
    8,
    9,
    10,
    11,
    12,
    13,
    14,
    15,
    16,
    17,
    18,
    19,
    20,
    21,
    22,
    23,
    24,
    25,
    26,
    27,
    28,
    29,
    30,
    31,
    32,
    33,
    34,
    35,
    36,
    37,
    38,
    39,
    40,
    41,
    42,
    43,
    44,
    45,
    46,
    47,
    48,
    49,
    50,
    51,
    52,
    53,
    54,
    55,
    56,
    57,
    58,
    59,
    60,
    61,
    62,
    63,
    64,
    65,
    66,
    67,
    68,
    69,
    70,
    71,
    72
  ],
  "lr": [
    0.0010000000474974513,
    0.0010000000474974513,
    0.0010000000474974513,
    0.0010000000474974513,
    0.0010000000474974513,
    0.0010000000474974513,
    0.0010000000474974513,
    0.0010000000474974513,
    0.0010000000474974513,
    0.0010000000474974513,
    0.0010000000474974513,
    0.0010000000474974513,
    0.0010000000474974513,
    0.0010000000474974513,
    0.0010000000474974513,
    0.0010000000474974513,
    0.0010000000474974513,
    0.0010000000474974513,
    0.0010000000474974513,
    0.0010000000474974513,
    0.0010000000474974513,
    0.0010000000474974513,
    0.0010000000474974513,
    0.0010000000474974513,
    0.0010000000474974513,
    0.0010000000474974513,
    0.0010000000474974513,
    0.0010000000474974513,
    0.0010000000474974513,
    0.0010000000474974513,
    0.0010000000474974513,
    0.0010000000474974513,
    0.0010000000474974513,
    0.0010000000474974513,
    0.0010000000474974513,
    0.00010000000474974513,
    0.00010000000474974513,
    0.00010000000474974513,
    0.00010000000474974513,
    0.00010000000474974513,
    0.00010000000474974513,
    0.00010000000474974513,
    0.00010000000474974513,
    0.00010000000474974513,
    0.00010000000474974513,
    0.00010000000474974513,
    0.00010000000474974513,
    0.00010000000474974513,
    1.0000000656873453e-05,
    1.0000000656873453e-05,
    1.0000000656873453e-05,
    1.0000000656873453e-05,
    1.0000000656873453e-05,
    1.0000000656873453e-05,
    1.0000000656873453e-05,
    1.0000000656873453e-05,
    1.0000000656873453e-05,
    1.0000000656873453e-05,
    1.0000001111620804e-06,
    1.0000001111620804e-06,
    1.0000001111620804e-06,
    1.0000001111620804e-06,
    1.0000001111620804e-06,
    1.0000001111620804e-06,
    1.0000001111620804e-06,
    1.0000001111620804e-06,
    1.0000001111620804e-06,
    1.0000001111620804e-06,
    1.000000082740371e-07,
    1.000000082740371e-07,
    1.000000082740371e-07,
    1.000000082740371e-07,
    1.000000082740371e-07
  ]
}