{
  "loss": [
    16.394881663964235,
    16.30584417315518,
    16.279984730706328,
    16.270903772388074,
    16.264778811442724,
    16.257210877563782,
    16.25438079471289,
    16.251239435905344,
    16.253330300267983,
    16.247635419908992,
    16.245877256462062,
    16.2440944798025,
    16.24265909909381,
    16.2432621998948,
    16.241477257198426,
    16.23997493497671,
    16.2445838705383,
    16.205552569475415,
    16.20358361061441,
    16.202245410672443,
    16.20173778867708,
    16.201807481692533,
    16.20112937475589,
    16.200649973698972,
    16.200494565596504,
    16.20044370443918,
    16.19998877254144,
    16.199661929523696,
    16.199880453539908,
    16.200386249976805,
    16.200084846180204,
    16.199949212642228,
    16.199488615276852,
    16.199413260678128,
    16.199005397829406,
    16.19933225409355,
    16.199081696279404,
    16.194809371707265,
    16.194608681341975,
    16.19462941003948,
    16.19444567747786,
    16.19455591726497,
    16.19450032635501,
    16.194723631057375,
    16.1945455528725,
    16.19448242415694,
    16.194528592943243,
    16.19450221079576,
    16.194609623556072,
    16.194609623556072,
    16.194016017812142,
    16.19388881375037,
    16.193930272961744,
    16.19399434607964,
    16.1938530079824,
    16.194025440295487,
    16.19395477153676,
    16.193983039077256,
    16.19390577434967,
    16.193900120818544,
    16.19399623057927,
    16.19388881375037,
    16.193872795390277,
    16.19388033344406,
    16.193845469915896,
    16.19380777953075,
    16.193892582773973,
    16.1939698475645,
    16.193879391187526,
    16.19387467990405,
    16.193917081406003,
    16.19391613915161,
    16.19395100252763,
    16.1939133123881,
    16.19391802366034,
    16.19395759829303,
    16.193865257332984,
    16.19396607855888,
    16.193896351796695,
    16.193828509253436,
    16.19400565307413,
    16.193975501071282,
    16.193923677185218,
    16.194001884076844,
    16.1939820968267,
    16.193967020810366
  ],
  "val_loss": [
    16.3462771035635,
    16.359544754969306,
    16.25459764436137,
    16.27343656234995,
    16.24447115228988,
    16.361672139043336,
    16.22892921022662,
    16.31105380023678,
    16.251369007837656,
    16.245618963217343,
    16.25013709377266,
    16.239047541006293,
    16.234504706531894,
    16.242177166002005,
    16.266540560207478,
    16.255589858881045,
    16.24272204056664,
    16.215403187621003,
    16.21400102829968,
    16.215803110170416,
    16.214560024469037,
    16.220367174614047,
    16.21402173220518,
    16.213593532415167,
    16.213745991658783,
    16.21596025350825,
    16.213044855496086,
    16.21470871044106,
    16.215634673404804,
    16.2154492968415,
    16.21648907199908,
    16.21956942625318,
    16.21327731608033,
    16.213724346297933,
    16.214155365868294,
    16.215817224903727,
    16.213519184486234,
    16.21152483875765,
    16.211670728899772,
    16.211333767747085,
    16.21150977905532,
    16.211608608096526,
    16.21180155829774,
    16.211688612117186,
    16.211631197507067,
    16.2116829647875,
    16.211446716399863,
    16.211730025808087,
    16.211580371289088,
    16.2114325978613,
    16.211322472838525,
    16.211385535977293,
    16.211429774152112,
    16.211513543982214,
    16.21136388746477,
    16.21135729878131,
    16.211459893691426,
    16.21142506796904,
    16.211405301985216,
    16.21133000277844,
    16.211493778106263,
    16.21149566057168,
    16.211561546723473,
    16.211570017780705,
    16.211592607245016,
    16.211643433424634,
    16.211592607245016,
    16.211602960738972,
    16.211604843191708,
    16.211570959009013,
    16.211558723036745,
    16.211563429181016,
    16.21156719409545,
    16.21156907655234,
    16.21157848883351,
    16.21157660637771,
    16.211571900237267,
    16.21157378269361,
    16.211571900237267,
    16.211579430061327,
    16.21157848883351,
    16.211579430061327,
    16.211579430061327,
    16.211579430061327,
    16.211579430061327,
    16.211579430061327
  ],
  "xlabel": "Epoch",
  "x": [
    0,
    1,
    2,
    3,
    4,
    5,
    6,
    7,
    8,
    9,
    10,
    11,
    12,
    13,
    14,
    15,
    16,
    17,
    18,
    19,
    20,
    21,
    22,
    23,
    24,
    25,
    26,
    27,
    28,
    29,
    30,
    31,
    32,
    33,
    34,
    35,
    36,
    37,
    38,
    39,
    40,
    41,
    42,
    43,
    44,
    45,
    46,
    47,
    48,
    49,
    50,
    51,
    52,
    53,
    54,
    55,
    56,
    57,
    58,
    59,
    60,
    61,
    62,
    63,
    64,
    65,
    66,
    67,
    68,
    69,
    70,
    71,
    72,
    73,
    74,
    75,
    76,
    77,
    78,
    79,
    80,
    81,
    82,
    83,
    84,
    85
  ],
  "lr": [
    0.0010000000474974513,
    0.0010000000474974513,
    0.0010000000474974513,
    0.0010000000474974513,
    0.0010000000474974513,
    0.0010000000474974513,
    0.0010000000474974513,
    0.0010000000474974513,
    0.0010000000474974513,
    0.0010000000474974513,
    0.0010000000474974513,
    0.0010000000474974513,
    0.0010000000474974513,
    0.0010000000474974513,
    0.0010000000474974513,
    0.0010000000474974513,
    0.0010000000474974513,
    0.00010000000474974513,
    0.00010000000474974513,
    0.00010000000474974513,
    0.00010000000474974513,
    0.00010000000474974513,
    0.00010000000474974513,
    0.00010000000474974513,
    0.00010000000474974513,
    0.00010000000474974513,
    0.00010000000474974513,
    0.00010000000474974513,
    0.00010000000474974513,
    0.00010000000474974513,
    0.00010000000474974513,
    0.00010000000474974513,
    0.00010000000474974513,
    0.00010000000474974513,
    0.00010000000474974513,
    0.00010000000474974513,
    0.00010000000474974513,
    1.0000000656873453e-05,
    1.0000000656873453e-05,
    1.0000000656873453e-05,
    1.0000000656873453e-05,
    1.0000000656873453e-05,
    1.0000000656873453e-05,
    1.0000000656873453e-05,
    1.0000000656873453e-05,
    1.0000000656873453e-05,
    1.0000000656873453e-05,
    1.0000000656873453e-05,
    1.0000000656873453e-05,
    1.0000000656873453e-05,
    1.0000001111620804e-06,
    1.0000001111620804e-06,
    1.0000001111620804e-06,
    1.0000001111620804e-06,
    1.0000001111620804e-06,
    1.0000001111620804e-06,
    1.0000001111620804e-06,
    1.0000001111620804e-06,
    1.0000001111620804e-06,
    1.0000001111620804e-06,
    1.0000001111620804e-06,
    1.000000082740371e-07,
    1.000000082740371e-07,
    1.000000082740371e-07,
    1.000000082740371e-07,
    1.000000082740371e-07,
    1.000000082740371e-07,
    1.000000082740371e-07,
    1.000000082740371e-07,
    1.000000082740371e-07,
    1.000000082740371e-07,
    1.000000082740371e-08,
    1.000000082740371e-08,
    1.000000082740371e-08,
    1.000000082740371e-08,
    1.000000082740371e-08,
    1.000000082740371e-08,
    1.000000082740371e-08,
    1.000000082740371e-08,
    1.000000082740371e-08,
    1.000000082740371e-08,
    1.000000082740371e-09,
    1.000000082740371e-09,
    1.000000082740371e-09,
    1.000000082740371e-09,
    1.000000082740371e-09
  ]
}