{
  "loss": [
    13.945073417943554,
    13.858894417224393,
    13.848039707314229,
    13.839369104371459,
    13.835971687916542,
    13.83205938026651,
    13.828487482007533,
    13.828429000012925,
    13.825235838715148,
    13.824806496229996,
    13.822607148573278,
    13.821314420119553,
    13.820702788263825,
    13.820534419148174,
    13.82072045310133,
    13.819403256728211,
    13.81811188493034,
    13.817892135431013,
    13.817978268817042,
    13.817026906825697,
    13.815350958956513,
    13.81422434266409,
    13.814238702077242,
    13.81479815528584,
    13.814308842073123,
    13.812515465913288,
    13.813538939469009,
    13.812759604107333,
    13.812804896238942,
    13.812179630758635,
    13.790504306703331,
    13.78837584604074,
    13.787867334890166,
    13.787286867792542,
    13.787357698261284,
    13.786669299225645,
    13.78646177669646,
    13.786781636784948,
    13.786578543090547,
    13.786357737559575,
    13.786208871684446,
    13.786099296518815,
    13.785763924690741,
    13.786167366042356,
    13.785829228755667,
    13.78592109666229,
    13.785937145812078,
    13.785846938279276,
    13.785582953335025,
    13.78574732191305,
    13.78546783882057,
    13.78526140509624,
    13.785598449446255,
    13.78536821971488,
    13.785329478757141,
    13.785322283995859,
    13.785348295807355,
    13.785321730552528,
    13.782611252038008,
    13.782384847336042,
    13.78228575951159,
    13.78238152596799,
    13.782294062987914,
    13.782081492418765,
    13.782217117249031,
    13.782273581070598,
    13.782272473939065,
    13.782268045412044,
    13.782254759822445,
    13.782119135362606,
    13.78208702815225,
    13.782240367085926,
    13.782238706384591,
    13.78197852737067,
    13.781859507673767,
    13.78195970571958,
    13.78189604406215,
    13.781848436021802,
    13.781830167776612,
    13.781874454389813,
    13.781777577238596,
    13.781866150660678,
    13.781874454389813,
    13.781696199905307,
    13.781747683580162,
    13.78171889703298,
    13.781738826187434,
    13.78174602281946,
    13.781817435348977,
    13.781747129993285,
    13.78183736436094,
    13.781793631213587,
    13.781836810777664,
    13.781801934986415,
    13.781880543787999,
    13.781883311695376,
    13.78193700898849,
    13.78185618617911
  ],
  "val_loss": [
    13.863618048529316,
    13.819796330984143,
    13.836508757969801,
    13.839242308939708,
    13.890072445773209,
    13.834113838207223,
    13.830226380763406,
    13.826193809357159,
    13.84889914203613,
    13.81515712122666,
    13.814044296447683,
    13.824243032968218,
    13.807387014103233,
    13.818764487215383,
    13.811585823289864,
    13.820622192156195,
    13.802286505973159,
    13.8323296485393,
    13.806153094951902,
    13.802166003093614,
    13.821270811885164,
    13.806473604034675,
    13.811058832303045,
    13.829680791716823,
    13.809903138060642,
    13.819733947754521,
    13.805767368983311,
    13.808371638949176,
    13.802237309970517,
    13.812581195851562,
    13.794358712002186,
    13.793334368384132,
    13.793991461482536,
    13.79303125428347,
    13.798907051481638,
    13.792780682306063,
    13.795315508551036,
    13.793832169060313,
    13.794478730007059,
    13.79321268104183,
    13.793416783292571,
    13.792772385142857,
    13.793500303939012,
    13.7928520377036,
    13.795451556312976,
    13.793320540331118,
    13.7943238678697,
    13.79242445293934,
    13.7943271863623,
    13.792695497859716,
    13.793669003040115,
    13.795691572263829,
    13.794195552210255,
    13.792786213745428,
    13.793581611632195,
    13.793358152602888,
    13.794220994203117,
    13.79876495584444,
    13.791838645823184,
    13.791772817028399,
    13.791745710962749,
    13.791643924444681,
    13.791509498707155,
    13.792032811278503,
    13.791827028999876,
    13.791849156273935,
    13.79207706513083,
    13.791607967071236,
    13.791606307497892,
    13.791752349187833,
    13.7919371118373,
    13.792104170545256,
    13.792205400499599,
    13.791882347118461,
    13.791768944736567,
    13.791758434224688,
    13.79182924172888,
    13.791714732536773,
    13.791723583522723,
    13.791741838663308,
    13.791678775347938,
    13.791678222159685,
    13.791723583522723,
    13.791744051405978,
    13.791782774345258,
    13.791838645823184,
    13.791862985802194,
    13.791874602595216,
    13.791882347118461,
    13.791903921124568,
    13.791912771989107,
    13.791937665015169,
    13.791954260340916,
    13.791953153986487,
    13.791946515858053,
    13.791947622213014,
    13.791947622213014,
    13.791948728567885
  ],
  "xlabel": "Epoch",
  "x": [
    0,
    1,
    2,
    3,
    4,
    5,
    6,
    7,
    8,
    9,
    10,
    11,
    12,
    13,
    14,
    15,
    16,
    17,
    18,
    19,
    20,
    21,
    22,
    23,
    24,
    25,
    26,
    27,
    28,
    29,
    30,
    31,
    32,
    33,
    34,
    35,
    36,
    37,
    38,
    39,
    40,
    41,
    42,
    43,
    44,
    45,
    46,
    47,
    48,
    49,
    50,
    51,
    52,
    53,
    54,
    55,
    56,
    57,
    58,
    59,
    60,
    61,
    62,
    63,
    64,
    65,
    66,
    67,
    68,
    69,
    70,
    71,
    72,
    73,
    74,
    75,
    76,
    77,
    78,
    79,
    80,
    81,
    82,
    83,
    84,
    85,
    86,
    87,
    88,
    89,
    90,
    91,
    92,
    93,
    94,
    95,
    96,
    97
  ],